uuid,info,reusable,field_cb_image_wrapper_link_title,field_cb_image_wrapper_link_uri,field_cb_media,field_cb_media_layout
7e0af97c-bf56-4c23-b943-401a578eed10,"Inline block: Image",0,,,69d778f2-29c0-4e07-a9a6-e5199b3d0589,normal
7438e84e-8861-4af3-bf26-ee06d67d2cd0,"Inline block: Image",0,,,4f94b0b8-a3ea-4e2c-a2d6-35ad3f9bde2c,normal
1499ad0b-c39c-42d0-b01d-ae0e5415d433,"Inline block: Image",0,,,ae26dc32-6234-4a1a-9bb5-4978dd7165c9,normal
0b497ec6-ceec-44a6-9435-7edbf20ac0ee,"Florista Logo",1,,,ab0f6cec-96fc-4ae5-9615-f4c12836f239,normal
2f4c145a-110e-4c34-bd67-64d644fe8d92,"Story Image",0,,,6aacaa34-6afc-4018-a6b0-e84d28d745bd,normal
0105e8f6-bd57-4ef6-b02a-2252573bb1f8,"Inline block: Image",0,,,a751d3c4-6fbe-4f84-b9a2-3412c1b3aa81,normal
f97f618e-e434-4c21-92ce-1f1da158a100,"Inline block: Image",0,,,a31f0122-e426-4adc-a3a0-9504335ec7f2,normal
e8854451-bec6-40e1-a29a-715e2ea8bcb4,"Inline block: Image",0,,,50617317-69fb-475c-9db8-ccbf534e19f7,normal
7f10f7ca-f6dd-4c6c-b571-739704aae674,"Story Image",0,,,eed1a712-d3cc-4c8c-ae36-0058db783450,normal
